{
	"light": {
		"alternateSelectedControlTextColor": [1, 1, 1, 1],
		"controlAccent": [0, 0.478431, 1, 1],
		"controlBackgroundColor": [1, 1, 1, 1],
		"controlColor": [1, 1, 1, 1],
		"controlTextColor": [0, 0, 0, 0.847059],
		"disabledControlTextColor": [0, 0, 0, 0.247059],
		"findHighlightColor": [1, 1, 0, 1],
		"gridColor": [0.901961, 0.901961, 0.901961, 1],
		"headerTextColor": [0, 0, 0, 0.847059],
		"highlightColor": [1, 1, 1, 1],
		"keyboardFocusIndicatorColor": [0, 0.403922, 0.956863, 0.498039],
		"labelColor": [0, 0, 0, 0.847059],
		"linkColor": [0, 0.407843, 0.854902, 1],
		"placeholderTextColor": [0, 0, 0, 0.247059],
		"quaternaryLabelColor": [0, 0, 0, 0.0980392],
		"scrubberTexturedBackgroundColor": ["CGColorSpacePattern", 1],
		"secondaryLabelColor": [0, 0, 0, 0.498039],
		"selectedContentBackgroundColor": [0, 0.392157, 0.882353, 1],
		"selectedControlColor": [0.701961, 0.843137, 1, 1],
		"selectedControlTextColor": [0, 0, 0, 0.847059],
		"selectedMenuItemTextColor": [1, 1, 1, 1],
		"selectedTextBackgroundColor": [0.701961, 0.843137, 1, 1],
		"selectedTextColor": [0, 0, 0, 1],
		"separatorColor": [0, 0, 0, 0.0980392],
		"shadowColor": [0, 0, 0, 1],
		"tertiaryLabelColor": [0, 0, 0, 0.258824],
		"textBackgroundColor": [1, 1, 1, 1],
		"textColor": [0, 0, 0, 1],
		"underPageBackgroundColor": [0.588235, 0.588235, 0.588235, 0.898039],
		"unemphasizedSelectedTextBackgroundColor": [0.862745, 0.862745, 0.862745, 1],
		"unemphasizedSelectedTextColor": [0, 0, 0, 1],
		"windowBackgroundColor": [0.92549, 0.92549, 0.92549, 1],
		"windowFrameTextColor": [0, 0, 0, 0.847059],
		
		"systemRed": [1, 0.231373, 0.188235, 1],
		"systemOrange": [1, 0.584314, 0, 1],
		"systemYellow": [1, 0.8, 0, 1],
		"systemGreen": [0.156863, 0.803922, 0.254902, 1],
		"systemMint": [0, 0.780392, 0.745098, 1],
		"systemTeal": [0.34902, 0.678431, 0.768627, 1],
		"systemCyan": [0.333333, 0.745098, 0.941176, 1],
		"systemBlue": [0, 0.478431, 1, 1],
		"systemIndigo": [0.345098, 0.337255, 0.839216, 1],
		"systemPurple": [0.686275, 0.321569, 0.870588, 1],
		"systemPink": [1, 0.176471, 0.333333, 1],
		"systemBrown": [0.635294, 0.517647, 0.368627, 1],
		"systemGray": [0.556863, 0.556863, 0.576471, 1]
	},

	"dark": {
		"alternateSelectedControlTextColor": [1, 1, 1, 1],
		"controlAccent": [0, 0.478431, 1, 1],
		"controlBackgroundColor": [0.117647, 0.117647, 0.117647, 1],
		"controlColor": [1, 1, 1, 0.247059],
		"controlTextColor": [1, 1, 1, 0.847059],
		"disabledControlTextColor": [1, 1, 1, 0.247059],
		"findHighlightColor": [1, 1, 0, 1],
		"gridColor": [0.101961, 0.101961, 0.101961, 1],
		"headerTextColor": [1, 1, 1, 1],
		"highlightColor": [0.705882, 0.705882, 0.705882, 1],
		"keyboardFocusIndicatorColor": [0.101961, 0.662745, 1, 0.498039],
		"labelColor": [1, 1, 1, 0.847059],
		"linkColor": [0.254902, 0.611765, 1, 1],
		"placeholderTextColor": [1, 1, 1, 0.247059],
		"quaternaryLabelColor": [1, 1, 1, 0.0980392],
		"scrubberTexturedBackgroundColor": ["CGColorSpacePattern", 1],
		"secondaryLabelColor": [1, 1, 1, 0.54902],
		"selectedContentBackgroundColor": [0, 0.34902, 0.819608, 1],
		"selectedControlColor": [0.247059, 0.388235, 0.545098, 1],
		"selectedControlTextColor": [1, 1, 1, 0.847059],
		"selectedMenuItemTextColor": [1, 1, 1, 1],
		"selectedTextBackgroundColor": [0.247059, 0.388235, 0.545098, 1],
		"selectedTextColor": [1, 1, 1, 1],
		"separatorColor": [1, 1, 1, 0.0980392],
		"shadowColor": [0, 0, 0, 1],
		"tertiaryLabelColor": [1, 1, 1, 0.247059],
		"textBackgroundColor": [0.117647, 0.117647, 0.117647, 1],
		"textColor": [1, 1, 1, 1],
		"underPageBackgroundColor": [0.156863, 0.156863, 0.156863, 1],
		"unemphasizedSelectedTextBackgroundColor": [0.27451, 0.27451, 0.27451, 1],
		"unemphasizedSelectedTextColor": [1, 1, 1, 1],
		"windowBackgroundColor": [0.196078, 0.196078, 0.196078, 1],
		"windowFrameTextColor": [1, 1, 1, 0.847059],

		"systemRed": [1, 0.270588, 0.227451, 1],
		"systemOrange": [1, 0.623529, 0.0392157, 1],
		"systemYellow": [1, 0.839216, 0.0392157, 1],
		"systemGreen": [0.196078, 0.843137, 0.294118, 1],
		"systemMint": [0.388235, 0.901961, 0.886275, 1],
		"systemTeal": [0.415686, 0.768627, 0.862745, 1],
		"systemCyan": [0.352941, 0.784314, 0.960784, 1],
		"systemBlue": [0.0392157, 0.517647, 1, 1],
		"systemIndigo": [0.368627, 0.360784, 0.901961, 1],
		"systemPurple": [0.74902, 0.352941, 0.94902, 1],
		"systemPink": [1, 0.215686, 0.372549, 1],
		"systemBrown": [0.67451, 0.556863, 0.407843, 1],
		"systemGray": [0.596078, 0.596078, 0.615686, 1]
	}
}
