{
	"light": {
		"backgroundColor": [0.9647058824, 0.9647058824, 0.9647058824, 1],
		"foregroundColor": [0.1490196078, 0.1490196078, 0.1490196078, 1],
		"boldColor": [0.4823529412, 0.4823529412, 0.4823529412, 1],
		"badgeColor": [0, 0, 0, 0.258824],
		"cursorColor": [0, 0.2, 0.4784313725, 1],
		"cursorGuideColor": [0, 0.4039215686, 0.9568627451, 0.15],
		"cursorTextColor": [1, 1, 1, 1],
		"linkColor": [0, 0.4078431373, 0.8549019608, 1],
		"selectedTextColor": [0, 0, 0, 1],
		"selectionColor": [0.7019607843, 0.8431372549, 1, 1],
		"blackColor": [0, 0, 0, 1],
		"redColor": [0.8431372549, 0, 0.0823529412, 1],
		"greenColor": [0, 0.4901960784, 0.1058823529, 1],
		"yellowColor": [0.4980392157, 0.3960784314, 0.2705882353, 1],
		"blueColor": [0, 0.2509803922, 0.8666666667, 1],
		"magentaColor": [0.6784313725, 0.2666666667, 0.6705882353, 1],
		"cyanColor": [0, 0.5098039216, 0.6, 1],
		"whiteColor": [0.8509803922, 0.8509803922, 0.8509803922, 1],
		"brightBlackColor": [0.337254902, 0.337254902, 0.337254902, 1],
		"brightRedColor": [1, 0.231372549, 0.1882352941, 1],
		"brightGreenColor": [0.1568627451, 0.8039215686, 0.2549019608, 1],
		"brightYellowColor": [0.6352941176, 0.5176470588, 0.368627451, 1],
		"brightBlueColor": [0, 0.4784313725, 1, 1],
		"brightMagentaColor": [0.6862745098, 0.3215686275, 0.8705882353, 1],
		"brightCyanColor": [0.3490196078, 0.6784313725, 0.768627451, 1],
		"brightWhiteColor": [1, 1, 1, 1]
	},

	"dark": {
		"backgroundColor": [0.1176470588, 0.1176470588, 0.1176470588, 1],
		"foregroundColor": [1, 1, 1, 1],
		"boldColor": [0.6039215686, 0.6039215686, 0.6039215686, 1],
		"badgeColor": [1, 1, 1, 0.247059],
		"cursorColor": [0.4039215686, 0.6862745098, 0.8509803922, 1],
		"cursorGuideColor": [0.1019607843, 0.662745098, 1, 0.15],
		"cursorTextColor": [0, 0, 0, 1],
		"linkColor": [0.2549019608, 0.6117647059, 1, 1],
		"selectedTextColor": [1, 1, 1, 1],
		"selectionColor": [0.2470588235, 0.3882352941, 0.5450980392, 1],
		"blackColor": [0, 0, 0, 1],
		"redColor": [1, 0.2705882353, 0.2274509804, 1],
		"greenColor": [0.1960784314, 0.8431372549, 0.2941176471, 1],
		"yellowColor": [1, 0.8392156863, 0.0392156863, 1],
		"blueColor": [0.0392156863, 0.5176470588, 1, 1],
		"magentaColor": [0.7490196078, 0.3529411765, 0.9490196078, 1],
		"cyanColor": [0.4156862745, 0.768627451, 0.862745098, 1],
		"whiteColor": [0.5019607843, 0.5019607843, 0.5019607843, 1],
		"brightBlackColor": [0.2470588235, 0.2470588235, 0.2470588235, 1],
		"brightRedColor": [1, 0.4117647059, 0.3803921569, 1],
		"brightGreenColor": [0.1921568627, 0.8705882353, 0.2941176471, 1],
		"brightYellowColor": [1, 0.831372549, 0.1490196078, 1],
		"brightBlueColor": [0.2509803922, 0.6117647059, 1, 1],
		"brightMagentaColor": [0.8549019608, 0.5607843137, 1, 1],
		"brightCyanColor": [0.3647058824, 0.9019607843, 1, 1],
		"brightWhiteColor": [0.7058823529, 0.7058823529, 0.7058823529, 1]
	}
}
