{
	"light": {
		"alternateSelectedControlTextColor": [1, 1, 1, 1],
		"controlAccent": [0, 0.25098, 0.866667, 1],
		"controlBackgroundColor": [1, 1, 1, 1],
		"controlColor": [1, 1, 1, 1],
		"controlTextColor": [0, 0, 0, 0.847059],
		"disabledControlTextColor": [0, 0, 0, 0.756863],
		"findHighlightColor": [1, 1, 0, 1],
		"gridColor": [0.647059, 0.647059, 0.647059, 1],
		"headerTextColor": [0, 0, 0, 0.847059],
		"highlightColor": [1, 1, 1, 1],
		"keyboardFocusIndicatorColor": [0, 0.133333, 0.686275, 1],
		"labelColor": [0, 0, 0, 1],
		"linkColor": [0, 0.407843, 0.854902, 1],
		"placeholderTextColor": [0, 0, 0, 0.498039],
		"quaternaryLabelColor": [0, 0, 0, 0.34902],
		"scrubberTexturedBackgroundColor": ["CGColorSpacePattern", 1],
		"secondaryLabelColor": [0, 0, 0, 0.756863],
		"selectedContentBackgroundColor": [0, 0.25098, 0.866667, 1],
		"selectedControlColor": [0.701961, 0.776471, 0.960784, 1],
		"selectedControlTextColor": [0, 0, 0, 0.847059],
		"selectedMenuItemTextColor": [1, 1, 1, 1],
		"selectedTextBackgroundColor": [0.701961, 0.776471, 0.960784, 1],
		"selectedTextColor": [0, 0, 0, 1],
		"separatorColor": [0, 0, 0, 0.34902],
		"shadowColor": [0, 0, 0, 1],
		"tertiaryLabelColor": [0, 0, 0, 0.556863],
		"textBackgroundColor": [1, 1, 1, 1],
		"textColor": [0, 0, 0, 1],
		"underPageBackgroundColor": [0.588235, 0.588235, 0.588235, 1],
		"unemphasizedSelectedTextBackgroundColor": [0.862745, 0.862745, 0.862745, 1],
		"unemphasizedSelectedTextColor": [0, 0, 0, 1],
		"windowBackgroundColor": [0.964706, 0.964706, 0.964706, 1],
		"windowFrameTextColor": [0, 0, 0, 1],

		"systemRed": [0.843137, 0, 0.0823529, 1],
		"systemOrange": [0.788235, 0.203922, 0, 1],
		"systemYellow": [0.627451, 0.352941, 0, 1],
		"systemGreen": [0, 0.490196, 0.105882, 1],
		"systemMint": [0.0470588, 0.505882, 0.482353, 1],
		"systemTeal": [0, 0.509804, 0.6, 1],
		"systemCyan": [0, 0.443137, 0.643137, 1],
		"systemBlue": [0, 0.25098, 0.866667, 1],
		"systemIndigo": [0.211765, 0.203922, 0.639216, 1],
		"systemPurple": [0.678431, 0.266667, 0.670588, 1],
		"systemPink": [0.827451, 0.0588235, 0.270588, 1],
		"systemBrown": [0.498039, 0.396078, 0.270588, 1],
		"systemGray": [0.411765, 0.411765, 0.431373, 1],
	},

	"dark": {
		"alternateSelectedControlTextColor": [1, 1, 1, 1],
		"controlAccent": [0.0901961, 0.454902, 0.854902, 1],
		"controlBackgroundColor": [0.12549, 0.12549, 0.12549, 1],
		"controlColor": [0, 0, 0, 0],
		"controlTextColor": [1, 1, 1, 1],
		"disabledControlTextColor": [1, 1, 1, 0.498039],
		"findHighlightColor": [1, 1, 0, 1],
		"gridColor": [0.301961, 0.301961, 0.301961, 1],
		"headerTextColor": [1, 1, 1, 1],
		"highlightColor": [0.705882, 0.705882, 0.705882, 1],
		"keyboardFocusIndicatorColor": [0.27451, 0.603922, 0.960784, 1],
		"labelColor": [1, 1, 1, 1],
		"linkColor": [0.254902, 0.611765, 1, 1],
		"placeholderTextColor": [1, 1, 1, 0.498039],
		"quaternaryLabelColor": [1, 1, 1, 0.298039],
		"scrubberTexturedBackgroundColor": ["CGColorSpacePattern", 1],
		"secondaryLabelColor": [1, 1, 1, 0.698039],
		"selectedContentBackgroundColor": [0.0901961, 0.454902, 0.854902, 1],
		"selectedControlColor": [0.27451, 0.384314, 0.501961, 1],
		"selectedControlTextColor": [1, 1, 1, 1],
		"selectedMenuItemTextColor": [1, 1, 1, 1],
		"selectedTextBackgroundColor": [0.27451, 0.384314, 0.501961, 1],
		"selectedTextColor": [1, 1, 1, 1],
		"separatorColor": [1, 1, 1, 0.298039],
		"shadowColor": [0, 0, 0, 1],
		"tertiaryLabelColor": [1, 1, 1, 0.498039],
		"textBackgroundColor": [0.12549, 0.12549, 0.12549, 1],
		"textColor": [1, 1, 1, 1],
		"underPageBackgroundColor": [0.156863, 0.156863, 0.156863, 1],
		"unemphasizedSelectedTextBackgroundColor": [0.27451, 0.27451, 0.27451, 1],
		"unemphasizedSelectedTextColor": [1, 1, 1, 1],
		"windowBackgroundColor": [0.196078, 0.196078, 0.196078, 1],
		"windowFrameTextColor": [1, 1, 1, 1],

		"systemRed": [1, 0.411765, 0.380392, 1],
		"systemOrange": [1, 0.701961, 0.25098, 1],
		"systemYellow": [1, 0.831373, 0.14902, 1],
		"systemGreen": [0.192157, 0.870588, 0.294118, 1],
		"systemMint": [0.388235, 0.901961, 0.886275, 1],
		"systemTeal": [0.364706, 0.901961, 1, 1],
		"systemCyan": [0.439216, 0.843137, 1, 1],
		"systemBlue": [0.25098, 0.611765, 1, 1],
		"systemIndigo": [0.490196, 0.478431, 1, 1],
		"systemPurple": [0.854902, 0.560784, 1, 1],
		"systemPink": [1, 0.392157, 0.509804, 1],
		"systemBrown": [0.709804, 0.580392, 0.411765, 1],
		"systemGray": [0.596078, 0.596078, 0.615686, 1],
	}
}
